"id","first_name","last_name","nickname","citizen_id","age","gender","picture","province","municipality","district","neighbourhood","adress","celphone","telephone","other_phone","leader","createdAt","updatedAt"
dc9f4592-027b-4dd9-9ab1-f21d24462c33,Linnea,Cremin,,"11300081301",65,Pangender,,2,44,211,,"582 Kane Shoals",+1829-881-4795,,,,2023-01-21 00:04:44.070 -0400,2023-01-21 00:04:44.070 -0400
"37b6a3ab-e405-4002-956b-e7d1f46636b7",Aisha,Medhurst,,"11300065264",74,Two* person,,2,44,211,,"15062 Raymond Forges",+1829-451-6190,,,,2023-01-21 00:04:44.070 -0400,2023-01-21 00:04:44.070 -0400
"3b78ecc2-c767-4c8d-9ae8-3fd9d1dc22b9",Jailyn,Emard,,"11300055359",22,Cisgender woman,,2,44,211,,"256 Williamson Shores",+1829-091-2793,,,,2023-01-21 00:04:44.071 -0400,2023-01-21 00:04:44.071 -0400
"00f9d8f4-7617-4ca6-a02e-db7b7a67e100",Fausto,Beahan,,"11300095374",71,Trans female,,2,44,211,,"3020 Adalberto Crossroad",+1829-850-8297,,,,2023-01-21 00:04:44.071 -0400,2023-01-21 00:04:44.071 -0400
"3010f696-67f9-4a15-a9d4-a07614e6f392",Martina,Farrell,,"11300047503",55,Demi-boy,,2,44,211,,"878 Halvorson Hill",+1829-275-8649,,,,2023-01-21 00:04:44.072 -0400,2023-01-21 00:04:44.072 -0400
"011f0846-8db3-4510-a01a-8f297d06d16e",Cathryn,Rau,,"11300059602",63,Genderqueer,,2,44,211,,"221 Kuvalis Rapid",+1829-641-2577,,,,2023-01-21 00:04:44.072 -0400,2023-01-21 00:04:44.072 -0400
"629f05b9-0c9a-4736-b124-4b0f962d3317",Carissa,Schaden,,"11300088865",75,Transexual male,,2,44,211,,"647 Daphnee Fords",+1829-892-9368,,,,2023-01-21 00:04:44.073 -0400,2023-01-21 00:04:44.073 -0400
"7dd20840-137a-49e0-b3ff-8c024f06bbf3",Brock,Waters,,"11300011363",30,Demiflux,,2,44,211,,"70989 Leo Mews",+1829-240-2562,,,,2023-01-21 00:04:44.073 -0400,2023-01-21 00:04:44.073 -0400
a7d37af2-aeee-4403-8673-14dd3e53e9de,Andres,Waters,,"11300097966",40,Demi-boy,,2,44,211,,"01934 Douglas Fork",+1829-489-2041,,,,2023-01-21 00:04:44.073 -0400,2023-01-21 00:04:44.073 -0400
d4ed2b10-9fee-4ec6-a1ea-60ac6632777f,Priscilla,Schoen,,"11300088834",78,Intersex woman,,2,44,211,,"674 Windler Greens",+1829-839-6231,,,,2023-01-21 00:04:44.074 -0400,2023-01-21 00:04:44.074 -0400
a3128b58-77ae-4cd4-9277-737666b9e474,Rudolph,Smitham,,"11300079700",75,Neutrois,,2,44,211,,"186 Steuber Expressway",+1829-727-6865,,,,2023-01-21 00:04:44.074 -0400,2023-01-21 00:04:44.074 -0400
"7f8894e6-1fa4-4d6c-94bf-648bfc729020",Cheyenne,Tremblay,,"11300001793",78,Gender questioning,,2,44,211,,"8101 Wehner Cape",+1829-217-4092,,,,2023-01-21 00:04:44.074 -0400,2023-01-21 00:04:44.074 -0400
"68541f60-2b6e-420a-8c7c-45e49eda5501",Tanya,Tillman,,"11300000916",56,Cis,,2,44,211,,"05295 McCullough Roads",+1829-743-7953,,,,2023-01-21 00:04:44.075 -0400,2023-01-21 00:04:44.075 -0400
"900e8c0a-49a4-4493-a11e-f40032365d9f",Marlin,Considine,,"11300015582",52,Bigender,,2,44,211,,"00844 Hintz Trafficway",+1829-358-8904,,,,2023-01-21 00:04:44.075 -0400,2023-01-21 00:04:44.075 -0400
"7443570c-9bd0-4e2d-8cec-aed2f4a70b74",Eden,Larkin,,"11300085644",56,Cis,,2,44,211,,"21067 Yundt Falls",+1829-486-6716,,,,2023-01-21 00:04:44.075 -0400,2023-01-21 00:04:44.075 -0400
d5f1c147-3e5a-4577-be55-ec772036ee36,Adrienne,Runte,,"11300011382",20,T* woman,,2,44,211,,"322 Klocko Bypass",+1829-246-5449,,,,2023-01-21 00:04:44.076 -0400,2023-01-21 00:04:44.076 -0400
"6c5648e0-e5c9-4af3-9227-b723505f94a1",Ellie,Quitzon,,"11300058513",39,Bigender,,2,44,211,,"5368 Trevor Key",+1829-620-5732,,,,2023-01-21 00:04:44.076 -0400,2023-01-21 00:04:44.076 -0400
"3c1f78a6-b138-4766-ba21-21078a1ad330",Albert,Erdman,,"11300079105",60,Androgyne,,2,44,211,,"012 Blanda Rue",+1829-470-6068,,,,2023-01-21 00:04:44.076 -0400,2023-01-21 00:04:44.076 -0400
"0a59c8a0-54c0-4a39-8d18-5b60060baca0",Tyra,Thiel,,"11300098648",75,Male to female transsexual woman,,2,44,211,,"936 Anderson Forges",+1829-465-5057,,,,2023-01-21 00:04:44.077 -0400,2023-01-21 00:04:44.077 -0400
e6fa2761-bb4e-4aa6-9e5c-d02c310288a6,Gaetano,Schimmel,,"11300035625",59,Transexual man,,2,44,211,,"37143 Maureen Center",+1829-807-6944,,,,2023-01-21 00:04:44.077 -0400,2023-01-21 00:04:44.077 -0400
"1d8a5f44-0a0d-4470-a368-e2da7cf05420",Nathan,Tillman,,"11300065841",21,Omnigender,,2,44,211,,"6351 Wolf Extensions",+1829-748-4404,,,,2023-01-21 00:04:44.077 -0400,2023-01-21 00:04:44.077 -0400
"1cd5a8ec-e8c7-40d9-8101-f3fe615595f2",Percy,Ortiz,,"11300062990",78,Cisgender,,2,44,211,,"5037 Jones Crossroad",+1829-390-7282,,,,2023-01-21 00:04:44.078 -0400,2023-01-21 00:04:44.078 -0400
fe459b36-0146-4242-9f7a-6a07e2fc0716,Terrence,Breitenberg,,"11300038285",24,Neutrois,,2,44,211,,"3496 Maxwell Haven",+1829-542-7384,,,,2023-01-21 00:04:44.078 -0400,2023-01-21 00:04:44.078 -0400
"621496b9-6b8e-4b82-81d5-b8da2ca8abe4",Marlen,O'Hara,,"11300049265",73,Male to female transgender woman,,2,44,211,,"429 Funk Ranch",+1829-166-6979,,,,2023-01-21 00:04:44.078 -0400,2023-01-21 00:04:44.078 -0400
fcc7bc02-b5c5-45a3-bfdc-80f11619f19b,Emmanuel,Ebert,,"11300049891",67,Trigender,,2,44,211,,"035 Hettinger Via",+1829-630-9312,,,,2023-01-21 00:04:44.078 -0400,2023-01-21 00:04:44.078 -0400
"90e01237-2bd1-45e5-938b-e39c80589f24",Adeline,Goldner,,"11300036874",57,Gender variant,,2,44,211,,"754 Nikolas Lake",+1829-701-1915,,,,2023-01-21 00:04:44.079 -0400,2023-01-21 00:04:44.079 -0400
"2408ed89-2788-41fc-aa8f-3ff120e1ad0b",Roxanne,Funk,,"11300030558",73,Transexual male,,2,44,211,,"8692 Estefania Lodge",+1829-915-3581,,,,2023-01-21 00:04:44.079 -0400,2023-01-21 00:04:44.079 -0400
"02c75d12-63ed-4cdb-b5fe-cb2e27642de6",Tatum,Erdman,,"11300092016",29,Cisgender female,,2,44,211,,"7759 Luigi Center",+1829-606-6244,,,,2023-01-21 00:04:44.079 -0400,2023-01-21 00:04:44.079 -0400
e8b6fa53-c4f8-4a5a-8c8d-dd021f80be49,Lafayette,Luettgen,,"11300083729",49,Trans,,2,44,211,,"8498 Juwan Streets",+1829-419-9125,,,,2023-01-21 00:04:44.079 -0400,2023-01-21 00:04:44.079 -0400
b0fb55ca-f72e-4525-8525-457c7608389a,Florida,Oberbrunner,,"11300005800",51,Trans woman,,2,44,211,,"42435 Layne Coves",+1829-482-6580,,,,2023-01-21 00:04:44.080 -0400,2023-01-21 00:04:44.080 -0400
"18e5d2fa-12b9-4bb3-979f-c6ade874d526",Zoey,Upton,,"11300099206",79,Demi-girl,,2,44,211,,"022 Harris Passage",+1829-756-6661,,,,2023-01-21 00:04:44.080 -0400,2023-01-21 00:04:44.080 -0400
"1199d0be-030c-46a8-8a6d-8f9b59bfe8f5",Antonina,Miller,,"11300023066",47,Trans,,2,44,211,,"465 Okuneva Prairie",+1829-457-9638,,,,2023-01-21 00:04:44.080 -0400,2023-01-21 00:04:44.080 -0400
"82deb2e0-6703-4a14-9427-f2357758004d",Yesenia,Huel,,"11300024199",54,Female to male transsexual man,,2,44,211,,"8200 Zander Lights",+1829-484-1920,,,,2023-01-21 00:04:44.080 -0400,2023-01-21 00:04:44.080 -0400
"9e6db529-4085-4e10-886d-476467a62a31",Gage,Gibson,,"11300078020",26,T* woman,,2,44,211,,"568 Darron Heights",+1829-988-4127,,,,2023-01-21 00:04:44.081 -0400,2023-01-21 00:04:44.081 -0400
"157dbc8e-b209-4482-b861-98121f8c2cc0",Mekhi,O'Keefe,,"11300084915",39,Man,,2,44,211,,"616 Sawayn Field",+1829-708-0722,,,,2023-01-21 00:04:44.081 -0400,2023-01-21 00:04:44.081 -0400
be200004-00a6-4f46-8b15-f801dd318f37,Elza,Schoen,,"11300011017",19,Androgynous,,2,44,211,,"8664 Karl Groves",+1829-518-9175,,,,2023-01-21 00:04:44.081 -0400,2023-01-21 00:04:44.081 -0400
"5ce57bd7-3638-48c6-a22f-a29365ba5256",Lucie,Hermiston,,"11300039035",71,Transexual,,2,44,211,,"649 Brown Lane",+1829-227-7819,,,,2023-01-21 00:04:44.082 -0400,2023-01-21 00:04:44.082 -0400
"9c0464c4-8a17-4369-b419-4d5e3161b49b",Sydnie,Stroman,,"11300087952",76,Cisgender female,,2,44,211,,"884 Lewis Stravenue",+1829-020-4279,,,,2023-01-21 00:04:44.082 -0400,2023-01-21 00:04:44.082 -0400
d775b8dc-fc5e-46c7-a979-922ee81eaf40,Natasha,VonRueden,,"11300081066",24,Agender,,2,44,211,,"3278 Elissa Pass",+1829-101-6056,,,,2023-01-21 00:04:44.082 -0400,2023-01-21 00:04:44.082 -0400
ab77ac05-cfad-40df-8456-85cf0a69ced0,Juston,Johnston,,"11300032432",37,Non-binary,,2,44,211,,"227 Kuphal Parkway",+1829-491-2111,,,,2023-01-21 00:04:44.083 -0400,2023-01-21 00:04:44.083 -0400
a222e0bd-184d-4c9b-af16-0bfae9111982,Novella,O'Reilly,,"11300086298",75,Transexual,,2,44,211,,"9383 Daniel Station",+1829-175-1061,,,,2023-01-21 00:04:44.083 -0400,2023-01-21 00:04:44.083 -0400
b8955e76-5be4-4970-af2c-764044cec12c,Maximillian,Hamill,,"11300003312",75,Trans female,,2,44,211,,"222 Fritz Avenue",+1829-169-5397,,,,2023-01-21 00:04:44.083 -0400,2023-01-21 00:04:44.083 -0400
"0d59b12c-089c-4f4b-9a92-59b7d451c475",Camylle,Bernhard,,"11300055061",45,Genderqueer,,2,44,211,,"228 Wilma Garden",+1829-590-3299,,,,2023-01-21 00:04:44.083 -0400,2023-01-21 00:04:44.083 -0400
bd6d71c9-095c-4127-8153-3dd0bcca07a4,Jairo,Bechtelar,,"11300080815",64,Female to male transsexual man,,2,44,211,,"1962 Jones Landing",+1829-490-5942,,,,2023-01-21 00:04:44.084 -0400,2023-01-21 00:04:44.084 -0400
d93a8576-461b-4084-968e-46c6de00286c,Jewell,Macejkovic,,"11300014350",62,Cis woman,,2,44,211,,"1243 Botsford Fork",+1829-051-3068,,,,2023-01-21 00:04:44.084 -0400,2023-01-21 00:04:44.084 -0400
d2395d94-d2d2-4c28-89ca-67b5f0376847,Neil,Ortiz,,"11300076302",26,Cis man,,2,44,211,,"325 Rylee Lake",+1829-423-0428,,,,2023-01-21 00:04:44.084 -0400,2023-01-21 00:04:44.084 -0400
"369600bb-23d9-41d3-a302-2a29bb2a8b47",Lilla,Corkery,,"11300050320",58,Trans,,2,44,211,,"763 Francisco Inlet",+1829-836-1193,,,,2023-01-21 00:04:44.085 -0400,2023-01-21 00:04:44.085 -0400
"6282cd0d-71cd-4673-8b32-6e725ba63635",Tierra,Schulist,,"11300027781",62,Female to male transgender man,,2,44,211,,"719 Smitham Centers",+1829-909-2477,,,"1c9cfad8-54e7-45d7-b612-4d1c69aa1924",2023-01-21 00:04:44.069 -0400,2023-01-21 00:04:44.069 -0400
"1116474d-f42c-4ff3-b1c0-eeee35ccc8c1",Nellie,Jast,,"11300054340",51,Trans man,,2,44,211,,"7474 Anderson Corners",+1829-527-6126,,,,2023-01-21 00:04:44.085 -0400,2023-01-21 00:04:44.085 -0400
"7652aaca-2a56-4bf1-9237-3393f9f741a5",Toney,Wilderman,,"11300027996",35,Hermaphrodite,,2,44,211,,"58764 Wolff Land",+1829-296-6904,,,"3b4a0c4e-f783-4ad3-9093-6718cffe62cf",2023-01-21 00:04:44.068 -0400,2023-01-21 00:04:44.068 -0400
